{"stats":{"minecraft:dropped":{"minecraft:stone_axe":1,"minecraft:rotten_flesh":4,"minecraft:command_block":1},"minecraft:custom":{"minecraft:time_since_rest":689,"minecraft:sprint_one_cm":105215,"minecraft:damage_taken":3170,"minecraft:walk_one_cm":132397,"minecraft:mob_kills":11,"minecraft:drop":6,"minecraft:damage_dealt":5476,"minecraft:tune_noteblock":11,"minecraft:fly_one_cm":1099784,"minecraft:open_chest":3,"minecraft:crouch_one_cm":24145,"minecraft:play_time":99862,"minecraft:deaths":14,"minecraft:sneak_time":8322,"minecraft:jump":473,"minecraft:leave_game":10,"minecraft:time_since_death":665,"minecraft:total_world_time":125085,"minecraft:fall_one_cm":2497},"minecraft:used":{"minecraft:redstone_torch":1,"minecraft:stone_sword":76,"minecraft:command_block":24,"minecraft:grass_block":13,"minecraft:redstone":29,"minecraft:stone_button":19,"minecraft:netherite_axe":6,"minecraft:chest":2,"minecraft:stone":164,"minecraft:redstone_block":3,"minecraft:spruce_sign":16,"minecraft:stone_axe":47,"minecraft:bedrock":3,"minecraft:repeater":12,"minecraft:redstone_lamp":4,"minecraft:cobblestone":323,"minecraft:written_book":2,"minecraft:tnt":1,"minecraft:chain_command_block":35,"minecraft:diamond_helmet":1,"minecraft:repeating_command_block":2,"minecraft:stone_pressure_plate":2,"minecraft:note_block":4,"minecraft:observer":19},"minecraft:killed":{"minecraft:husk":7,"minecraft:zombie":1,"minecraft:zombified_piglin":1,"minecraft:giant":1,"minecraft:creeper":1},"minecraft:picked_up":{"minecraft:chainmail_chestplate":2,"minecraft:stone_button":12,"minecraft:gunpowder":1,"minecraft:leather_boots":2,"minecraft:stone_sword":2,"minecraft:rotten_flesh":8,"minecraft:command_block":1,"minecraft:stone_axe":1,"minecraft:iron_ingot":1,"minecraft:spruce_sign":8,"minecraft:cobblestone":128}},"DataVersion":2975}